{"cameraMode":{"drawMode":0,"name":"Shaded","section":"Shading Mode"},"sceneLighting":true,"audioPlay":false,"sceneViewState":{"m_AlwaysRefresh":false,"showFog":true,"showSkybox":true,"showFlares":true,"showImageEffects":true,"showParticleSystems":true,"showVisualEffectGraphs":true,"m_FxEnabled":true},"in2DMode":false,"pivot":{"x":18.779438018798829,"y":1.2446684837341309,"z":16.034564971923829},"rotation":{"x":-0.024250397458672525,"y":0.5249423980712891,"z":0.014964933507144452,"w":0.8506609201431274},"size":28.33854103088379,"orthographic":false}