{"cameraMode":{"drawMode":0,"name":"Shaded","section":"Shading Mode"},"sceneLighting":true,"audioPlay":false,"sceneViewState":{"m_AlwaysRefresh":false,"showFog":true,"showSkybox":true,"showFlares":true,"showImageEffects":true,"showParticleSystems":true,"showVisualEffectGraphs":true,"m_FxEnabled":true},"in2DMode":false,"pivot":{"x":588.7811889648438,"y":124.71879577636719,"z":1756.63525390625},"rotation":{"x":0.04678927734494209,"y":0.013479157350957394,"z":-0.000633465766441077,"w":0.9988260865211487},"size":1565.7740478515625,"orthographic":false}